x,y,label
0.056682143,0.001902789,0
-0.532151401,-0.155820549,0
-0.265734583,0.015329092,0
0.006007890,0.178204685,0
-0.079209901,0.008761406,0
0.551414371,-0.037912898,0
-0.143456221,0.089636706,0
0.396442920,0.190495595,0
-0.169440210,-0.223111510,0
-0.351748466,0.144480601,0
-0.068178900,0.493985146,0
0.398488849,-0.267267793,0
-0.031994075,0.165096164,0
0.053037457,0.142701089,0
0.088720411,0.068940349,0
0.097091876,-0.052498516,0
0.252277076,-0.232120916,0
0.031370483,0.571948349,0
-0.342455029,0.438580394,0
0.001795061,0.378229976,0
0.290958166,-0.469401479,0
0.164370060,-0.280068666,0
0.127377346,0.116346240,0
0.400729448,0.414029926,0
-0.036413535,-0.295108378,0
0.126066417,0.382642657,0
-0.098172292,-0.000480025,0
0.271920055,0.476414025,0
0.010711649,-0.328963220,0
-0.366216719,0.398591608,0
0.120885536,0.106896497,0
-0.004214311,-0.589980960,0
-0.015637863,0.088681221,0
0.251717508,0.290134519,0
-0.026257137,-0.063173957,0
-0.569976866,-0.146091253,0
-0.448452115,-0.020782050,0
0.279640377,0.352873504,0
0.111871302,-0.369351417,0
0.038638394,0.047714602,0
-0.053010546,0.171631932,0
0.123636052,0.069260731,0
-0.033994034,-0.565257370,0
0.116502590,-0.145802647,0
0.433625638,0.214123756,0
0.489420593,0.080099367,0
-0.066536553,-0.008446487,0
-0.107531540,-0.065227553,0
0.366049349,-0.349327862,0
0.103115983,-0.081402503,0
0.350484431,-0.098951451,0
0.166533440,-0.240172505,0
-0.323486507,-0.121696696,0
0.333510011,0.051501013,0
0.141644135,-0.071164079,0
0.396368504,-0.239031583,0
0.532730579,0.168773755,0
0.043995012,-0.037469048,0
-0.040932134,-0.273673356,0
0.356938362,0.245098263,0
0.403234184,-0.897200584,1
0.897161424,-0.528215170,1
-0.846432984,-0.354902029,1
0.714193225,0.718899250,1
-0.839453757,0.606168330,1
-1.011842608,0.273870856,1
0.526522875,0.870167017,1
-0.428607494,-0.908774257,1
0.808034003,0.490887463,1
0.702895403,-0.772880018,1
-0.927141190,-0.082440764,1
0.985908151,0.154181287,1
-0.211641595,-0.962945759,1
-0.264977783,-0.888025343,1
-0.160311475,-1.031260014,1
0.219855264,-0.995308518,1
-0.747097790,-0.559344053,1
0.881285548,0.396132350,1
0.951905906,0.114631377,1
0.520389736,-0.854471982,1
-0.796973586,-0.508452058,1
0.945683122,0.340633869,1
0.514436007,-0.795125961,1
-0.454068899,0.798922598,1
0.152788877,1.020881772,1
-0.523963451,0.784705758,1
0.754144073,0.560455739,1
0.539689362,-0.881209314,1
0.854714096,0.343150169,1
0.811666667,-0.620041311,1
-0.940324247,-0.215049788,1
-0.793675244,-0.627908945,1
0.817095041,0.409735799,1
0.268059194,-0.957353771,1
0.320746183,0.870136678,1
0.943380713,-0.152167171,1
0.150173858,1.030388594,1
0.321771234,0.842905343,1
0.881416976,0.310248256,1
0.726382136,-0.706088781,1
0.590222657,0.687193811,1
-0.857148349,0.578115404,1
0.062214538,-0.959276438,1
-0.941393852,0.025368428,1
0.704747021,-0.672553480,1
0.709572911,0.604554474,1
-0.910799086,0.076412715,1
0.948771358,0.154530331,1
0.807524621,-0.517036915,1
-0.404076695,-0.964361548,1
0.831013620,-0.427137405,1
-0.809229076,-0.395454973,1
0.725862741,0.682406306,1
-0.563408315,-0.852957785,1
-0.832203269,0.638640761,1
0.455355525,0.822157323,1
0.964580417,0.070410080,1
-0.216095954,0.923086882,1
0.762172520,0.501083314,1
0.840109050,-0.431201786,1
